АРТИКУЛ,МАРКА,МОДЕЛЬ,ГОД,ССЫЛКА НА ЗАПЧАСТЬТОПЛИВО,ОБЪЕМ,ТИП ДВИГАТЕЛЯ,КОРОБКА,ТИП КУЗОВА,ЗАПЧАСТЬ,ОПИСАНИЕ,ПОД ЗАКАЗ,ЦЕНА,НОВАЯ,ФОТО
114082843,BMW,X3 G01,2023 ,https://bamper.by/zapchast_bamper-zadniy/179026-114082843/,бензин, 2.0 л,Нет информации,Нет информации,,Бампер задний, и paket,Нет информации,2 197.00 BYN,Б/у,https://bamper.by/upload/lk/87c/87cbeb4037d7e1f0601f57cadde9695c.jpg
115799942,BMW,3 G20/G21,2023 ,https://bamper.by/zapchast_fary-perednie-komplekt/188675-115799942/,,,Нет информации,Нет информации,,Фара передняя (комплект),Фары рестайлинг 23-й год Led Shadow Line комплект с блоками из Европы,Нет информации,7 218.00 BYN,Б/у,https://bamper.by/upload/lk/af4/af4530d0dfaf4cd0a9b4c30980a8623f.jpg
120756706,Ford,Bronco,2023 ,https://bamper.by/zapchast_fonar-zadniy-pravyy/220230-120756706/,,,Нет информации,Нет информации,,Фонарь задний правый,Новый. Оригинал.,Нет информации,2 115.00 BYN,Новая,https://bamper.by/upload/lk/20e/20e7752fa55355785631fd9eef5a6dba.jpg
111495268,Infiniti,QX60,2023 ,https://bamper.by/zapchast_radiator-osnovnoy/233691-111495268/,бензин, 3.5 л,Нет информации,Нет информации,,Радиатор (основной),,Нет информации,628.00 BYN,Б/у,https://bamper.by/upload/lk/9bb/9bbcf52d415fb128ed67ddbdfbaa94ee.jpg
kta1304,Hyundai,Tucson 2018-2021,2023 ,https://bamper.by/zapchast_yubka-bampera-perednego/493-kta1304/,,,Нет информации,Нет информации,,Юбка бампера переднего,Сша. Новая. Оригинал. Комплектация без накладки. Уточняйте наличие,Нет информации,1 193.00 BYN,Новая,https://bamper.by/upload/photos_import/53f/53feebb9090dff9aa1f4902fae05b026.jpg
kta1303,Hyundai,Tucson 2018-2021,2023 ,https://bamper.by/zapchast_yubka-bampera-perednego/493-kta1303/,,,Нет информации,Нет информации,,Юбка бампера переднего,Сша. Новая. Оригинал. Комплектация с накладкой на юбку. Уточняйте наличие,Нет информации,1 193.00 BYN,Новая,https://bamper.by/upload/photos_import/a06/a063fc2b81fe11e10bbd5c68eed6584d.jpg
kta14a,Hyundai,Santa Fe 2020-2024,2023 ,https://bamper.by/zapchast_chetvert-perednyaya-levaya/493-kta14a/,,,Нет информации,Нет информации,,Четверть передняя левая,,Нет информации,3 138.00 BYN,Б/у,https://bamper.by/upload/photos_import/6a3/6a3e4ab99afff6745ba2f2ac40ff8451.jpg
kta13a,Hyundai,Santa Fe 2020-2024,2023 ,https://bamper.by/zapchast_chetvert-perednyaya-pravaya/493-kta13a/,,,Нет информации,Нет информации,,Четверть передняя правая,,Нет информации,2 448.00 BYN,Б/у,https://bamper.by/upload/photos_import/fb3/fb3abeeafb039d6723c91872eee2a4aa.jpg
kta1283,Haval,F7 (2019-2024),2023 ,https://bamper.by/zapchast_disk-litoy/493-kta1283/,,,Нет информации,Нет информации,,Диск литой,,Нет информации,314.00 BYN,Б/у,https://bamper.by/upload/photos_import/0e4/0e40e2727286363ff5c97a0b73fe5eb3.jpg
kta1282,Haval,F7 (2019-2024),2023 ,https://bamper.by/zapchast_krylo-perednee-levoe/493-kta1282/,,,Нет информации,Нет информации,,Крыло переднее левое,Оригинал БУ с незначительным дефектом,Нет информации,220.00 BYN,Б/у,https://bamper.by/upload/photos_import/0b2/0b20998a561a22940acea2211037ecf1.jpg
kta1262,Chery,Tiggo 7 Pro (2020-2024),2023 ,https://bamper.by/zapchast_krylo-perednee-pravoe/493-kta1262/,,,Нет информации,Нет информации,,Крыло переднее правое,С дефектом,Нет информации,157.00 BYN,Б/у,https://bamper.by/upload/photos_import/004/004b22c23274c936456b537a52367458.jpg
